[{"model": "contenttypes.contenttype", "pk": 1, "fields": {"app_label": "admin", "model": "logentry"}}, {"model": "contenttypes.contenttype", "pk": 2, "fields": {"app_label": "auth", "model": "permission"}}, {"model": "contenttypes.contenttype", "pk": 3, "fields": {"app_label": "auth", "model": "group"}}, {"model": "contenttypes.contenttype", "pk": 4, "fields": {"app_label": "auth", "model": "user"}}, {"model": "contenttypes.contenttype", "pk": 5, "fields": {"app_label": "contenttypes", "model": "contenttype"}}, {"model": "contenttypes.contenttype", "pk": 6, "fields": {"app_label": "sessions", "model": "session"}}, {"model": "contenttypes.contenttype", "pk": 7, "fields": {"app_label": "newApp", "model": "book"}}, {"model": "contenttypes.contenttype", "pk": 8, "fields": {"app_label": "newApp", "model": "book_store"}}, {"model": "contenttypes.contenttype", "pk": 9, "fields": {"app_label": "newApp", "model": "customer"}}, {"model": "contenttypes.contenttype", "pk": 10, "fields": {"app_label": "newApp", "model": "users_list"}}, {"model": "contenttypes.contenttype", "pk": 11, "fields": {"app_label": "newApp", "model": "to_read_list"}}, {"model": "contenttypes.contenttype", "pk": 12, "fields": {"app_label": "newApp", "model": "review"}}, {"model": "contenttypes.contenttype", "pk": 13, "fields": {"app_label": "newApp", "model": "order"}}, {"model": "contenttypes.contenttype", "pk": 14, "fields": {"app_label": "newApp", "model": "customer_address"}}, {"model": "contenttypes.contenttype", "pk": 15, "fields": {"app_label": "newApp", "model": "complaint_record"}}, {"model": "contenttypes.contenttype", "pk": 16, "fields": {"app_label": "newApp", "model": "cart"}}, {"model": "contenttypes.contenttype", "pk": 17, "fields": {"app_label": "newApp", "model": "book_ordered"}}, {"model": "contenttypes.contenttype", "pk": 18, "fields": {"app_label": "newApp", "model": "book_available"}}, {"model": "sessions.session", "pk": "19smihng7f5h29r4xwooms47kzgl2ec2", "fields": {"session_data": "MmMwZGUwN2Y1YjYyMjhhNmI4Y2UyOTI5YjIyN2JkYjJjOGZjOGQ1NDp7Il9hdXRoX3VzZXJfaWQiOiIyIiwiX2F1dGhfdXNlcl9iYWNrZW5kIjoiZGphbmdvLmNvbnRyaWIuYXV0aC5iYWNrZW5kcy5Nb2RlbEJhY2tlbmQiLCJfYXV0aF91c2VyX2hhc2giOiJhZmUwNmNmMzU0ZWM2ODk5NzY3MDU0NDU2NGRkZjg0ZmRjMWE0OGRkIn0=", "expire_date": "2021-04-02T03:11:05.344Z"}}, {"model": "sessions.session", "pk": "l2cz5p9ge5bmuio70fjsct1lhc1kqeq0", "fields": {"session_data": "ZWM3NTE3OGYxN2IxY2RmYjNhOTVkNWY5YzE2ZWI3OTZiZjBlMGE3NTp7Il9hdXRoX3VzZXJfaWQiOiIxIiwiX2F1dGhfdXNlcl9iYWNrZW5kIjoiZGphbmdvLmNvbnRyaWIuYXV0aC5iYWNrZW5kcy5Nb2RlbEJhY2tlbmQiLCJfYXV0aF91c2VyX2hhc2giOiI5ZGYyMTAyMDVlNWY5M2NiMTcxZTVhZDA5MWNhZWY3MGYxNjBhOTZkIiwidXNlcl9pZCI6ImFydGh1cjU2In0=", "expire_date": "2020-04-14T13:32:40.706Z"}}, {"model": "newApp.customer", "pk": "arthur56", "fields": {"email": "test1@gmail.com", "password": "arthur", "first_name": "Arthur", "middle_name": "Edelweiss", "last_name": "Shaw", "phone_no": "7675476434", "no_of_addr": 2}}, {"model": "newApp.customer", "pk": "rider67", "fields": {"email": "test4@gmail.com", "password": "rider", "first_name": "Rider", "middle_name": "Edward", "last_name": "Shaw", "phone_no": "7675476434", "no_of_addr": 1}}, {"model": "newApp.customer", "pk": "saharsh45", "fields": {"email": "test2@gmail.com", "password": "saharsh", "first_name": "Saharsh", "middle_name": "Kumar", "last_name": "Rao", "phone_no": "7675476434", "no_of_addr": 1}}, {"model": "newApp.customer", "pk": "tennyson67", "fields": {"email": "test5@gmail.com", "password": "tennyson", "first_name": "Arthur", "middle_name": "Edward", "last_name": "Tennyson", "phone_no": "7675476434", "no_of_addr": 1}}, {"model": "newApp.customer", "pk": "user_1", "fields": {"email": "user_1@gmail.com", "password": "user_1", "first_name": "Arthur", "middle_name": "arthut", "last_name": "Shaw", "phone_no": "07675476434", "no_of_addr": 1}}, {"model": "newApp.customer", "pk": "walker34", "fields": {"email": "test3@gmail.com", "password": "walker", "first_name": "Shawn", "middle_name": "", "last_name": "Walker", "phone_no": "7675476434", "no_of_addr": 1}}, {"model": "newApp.customer_address", "pk": 14, "fields": {"user_id": "arthur56", "address_no": 1, "is_current": false, "address_line1": "test_case", "address_line2": "test_case", "city": "test_case", "district": "test_case", "state": "test_case", "zip_code": "456567"}}, {"model": "newApp.customer_address", "pk": 15, "fields": {"user_id": "saharsh45", "address_no": 1, "is_current": true, "address_line1": "test_case", "address_line2": "test_case", "city": "test_case", "district": "test_case", "state": "test_case", "zip_code": "456567"}}, {"model": "newApp.customer_address", "pk": 17, "fields": {"user_id": "rider67", "address_no": 1, "is_current": true, "address_line1": "test_case", "address_line2": "test_case", "city": "test_case", "district": "test_case", "state": "test_case", "zip_code": "456567"}}, {"model": "newApp.customer_address", "pk": 18, "fields": {"user_id": "walker34", "address_no": 1, "is_current": true, "address_line1": "test_case", "address_line2": "test_case", "city": "test_case", "district": "test_case", "state": "test_case", "zip_code": "456567"}}, {"model": "newApp.customer_address", "pk": 19, "fields": {"user_id": "tennyson67", "address_no": 1, "is_current": true, "address_line1": "test_case", "address_line2": "test_case", "city": "test_case", "district": "test_case", "state": "test_case", "zip_code": "456567"}}, {"model": "newApp.customer_address", "pk": 20, "fields": {"user_id": "arthur56", "address_no": 2, "is_current": true, "address_line1": "test_case", "address_line2": "test_case", "city": "test_case", "district": "test_case", "state": "test_case", "zip_code": "456567"}}, {"model": "newApp.customer_address", "pk": 21, "fields": {"user_id": "user_1", "address_no": 1, "is_current": true, "address_line1": "test_case", "address_line2": "test_cases", "city": "test_case", "district": "test_case", "state": "test_case", "zip_code": "456567"}}, {"model": "newApp.book_store", "pk": 1, "fields": {"store_name": "Alpha Store", "email": "testcase1@gmail.com", "password": "test1", "website": "www.alpha.com", "phone_no": "7685948576", "rating": 0, "address_line1": "test_case", "address_line2": "test_case", "city": "xxxxxxx", "district": "dfredfre", "state": "sczscszc", "zip_code": "456567"}}, {"model": "newApp.book_store", "pk": 2, "fields": {"store_name": "Beta Store", "email": "testcase2@gmail.com", "password": "test2", "website": "www.beta.com", "phone_no": "7675476434", "rating": 0, "address_line1": "test_case", "address_line2": "test_case", "city": "test_case", "district": "test_case", "state": "test_case", "zip_code": "456567"}}, {"model": "newApp.book_store", "pk": 3, "fields": {"store_name": "Gamma Store", "email": "testcase3@gmail.com", "password": "test3", "website": "www.gamma.com", "phone_no": "7675476434", "rating": 0, "address_line1": "test_case", "address_line2": "test_case", "city": "test_case", "district": "test_case", "state": "test_case", "zip_code": "456567"}}, {"model": "newApp.book_store", "pk": 4, "fields": {"store_name": "Delta Store", "email": "testcase4@gmail.com", "password": "test4", "website": "www.gamma.com", "phone_no": "7675476434", "rating": 0, "address_line1": "test_case", "address_line2": "test_case", "city": "test_case", "district": "test_case", "state": "test_case", "zip_code": "456567"}}, {"model": "newApp.book_store", "pk": 5, "fields": {"store_name": "Epsilon Store", "email": "testcase5@gmail.com", "password": "test5", "website": "www.epsilon.com", "phone_no": "7675476434", "rating": null, "address_line1": "test_case", "address_line2": "test_case", "city": "test_case", "district": "dddddddd", "state": "test_case", "zip_code": "456567"}}, {"model": "newApp.book_store", "pk": 6, "fields": {"store_name": "Zeta Store", "email": "testcase6@gmail.com", "password": "test6", "website": "www.zeta.com", "phone_no": "7675476434", "rating": null, "address_line1": "test_case", "address_line2": "test_case", "city": "test_case", "district": "xxxxxxx", "state": "test_case", "zip_code": "456567"}}, {"model": "newApp.book_store", "pk": 7, "fields": {"store_name": "Iota Store", "email": "testcase8@gmail.com", "password": "test8", "website": "www.iota.com", "phone_no": "7675476434", "rating": null, "address_line1": "test_case", "address_line2": "test_case", "city": "test_case", "district": "DScsccscsd", "state": "test_case", "zip_code": "456567"}}, {"model": "newApp.book_store", "pk": 8, "fields": {"store_name": "Lambda Store", "email": "testcase9@gmail.com", "password": "test9", "website": "www.lambda.com", "phone_no": "7675476434", "rating": null, "address_line1": "test_case", "address_line2": "test_case", "city": "test_case", "district": "test_case", "state": "test_case", "zip_code": "898989"}}, {"model": "newApp.book_store", "pk": 9, "fields": {"store_name": "store _1", "email": "testcase7@gmail.com", "password": "store_1", "website": "www.store1.com", "phone_no": "7675476434", "rating": null, "address_line1": "test_case", "address_line2": "test_cases", "city": "test_case", "district": "test_case", "state": "test_case", "zip_code": "456567"}}, {"model": "newApp.book_store", "pk": 10, "fields": {"store_name": "store _1", "email": "store_1@gmail.com", "password": "store_1", "website": "www.store1.com", "phone_no": "7675476434", "rating": null, "address_line1": "test_case", "address_line2": "test_cases", "city": "test_case", "district": "test_case", "state": "test_case", "zip_code": "456567"}}, {"model": "newApp.book", "pk": 1, "fields": {"title": "War and Peace", "author": "Leo Tolstoy", "publisher": "The Russian Messenger", "genre": "Historical Fiction", "year_of_publish": 1869, "copies_sold": 788, "rating": 4.0}}, {"model": "newApp.book", "pk": 2, "fields": {"title": "Lord of the Rings", "author": "J R R Tolkiens", "publisher": "Penguin", "genre": "Fantasy", "year_of_publish": 1954, "copies_sold": 678, "rating": 1.5999999999999999}}, {"model": "newApp.book", "pk": 3, "fields": {"title": "Anna Karenina", "author": "Leo Tolstoy", "publisher": "The Russian Messenger", "genre": "Literary Realism", "year_of_publish": 1877, "copies_sold": 456, "rating": 5.0}}, {"model": "newApp.book", "pk": 4, "fields": {"title": "Ressurection", "author": "Leo Tolstoy", "publisher": "The Russian Messenger", "genre": "Novel, Philosophical fiction, Political fiction", "year_of_publish": 1899, "copies_sold": 567, "rating": 5.0}}, {"model": "newApp.book", "pk": 5, "fields": {"title": "Charlie and the Chocolate factory", "author": "Roald Dahl", "publisher": "Scholastic Press", "genre": "Children's Fantasy novel", "year_of_publish": 1964, "copies_sold": 456, "rating": 5.0}}, {"model": "newApp.book", "pk": 6, "fields": {"title": "Childhood", "author": "Leo Tolstoy", "publisher": "Sovremennik", "genre": "Fictional Autobiography", "year_of_publish": 1852, "copies_sold": 345, "rating": 4.0}}, {"model": "newApp.book", "pk": 7, "fields": {"title": "The Pale Horse", "author": "Agatha Christie", "publisher": "Collins Crime Club", "genre": "Novel, Mystery, Crime Fiction", "year_of_publish": 1961, "copies_sold": 456, "rating": 5.0}}, {"model": "newApp.book", "pk": 8, "fields": {"title": "Death on the Nile", "author": "Agatha Christie", "publisher": "Collins Crime Club", "genre": "Novel, Mystery, Crime Fiction", "year_of_publish": 1937, "copies_sold": 500, "rating": 4.0}}, {"model": "newApp.book", "pk": 9, "fields": {"title": "A Farewell to the Arms", "author": "Ernest Hemingway", "publisher": "Scribner", "genre": "Novel, Fiction, Literary realism, War story", "year_of_publish": 1929, "copies_sold": 567, "rating": 4.0}}, {"model": "newApp.book", "pk": 10, "fields": {"title": "For whom the bell tolls", "author": "Ernest Hemingway", "publisher": "Charles Scribner's Sons", "genre": "Novel, Fiction, War story", "year_of_publish": 1940, "copies_sold": 523, "rating": 4.0}}, {"model": "newApp.book", "pk": 11, "fields": {"title": "Fantastic Beasts and Where to Find Them", "author": "J K Rowling", "publisher": "Bloomsbury", "genre": "Drama, Fantasy Fiction", "year_of_publish": 2001, "copies_sold": 456, "rating": 4.0}}, {"model": "newApp.book", "pk": 12, "fields": {"title": "Lethal White", "author": "J K Rowling", "publisher": "Sphere Books", "genre": "Crime fiction", "year_of_publish": 2018, "copies_sold": 234, "rating": 4.0}}, {"model": "newApp.book", "pk": 13, "fields": {"title": "The Tales of Beedle the Bard", "author": "J K Rowling", "publisher": "Children's High Level Group", "genre": "Fantasy", "year_of_publish": 2008, "copies_sold": 234, "rating": 4.0}}, {"model": "newApp.book", "pk": 14, "fields": {"title": "The Casual Vacancy", "author": "J K Rowling", "publisher": "Little, Brown and Company", "genre": "Novel, Dark comedy, Tragicomedy, Fantasy Fiction", "year_of_publish": 2012, "copies_sold": 134, "rating": 3.0}}, {"model": "newApp.book", "pk": 15, "fields": {"title": "Death Note", "author": "Nisio Isin", "publisher": "Viz Media", "genre": "Crime fiction", "year_of_publish": 2006, "copies_sold": 0, "rating": null}}, {"model": "newApp.book", "pk": 16, "fields": {"title": "Tokyo Ghoul: 1", "author": "Sui Ishida", "publisher": "Viz Media", "genre": "Dark Fantasy", "year_of_publish": 2013, "copies_sold": 934, "rating": 4.4}}, {"model": "newApp.book", "pk": 17, "fields": {"title": "Tokyo Ghoul: 2", "author": "Nisio Isin", "publisher": "Viz Media", "genre": "Dark Fantasy", "year_of_publish": 2014, "copies_sold": 0, "rating": null}}, {"model": "newApp.book", "pk": 18, "fields": {"title": "Tokyo Ghoul: 3", "author": "Nisio Isin", "publisher": "Viz Media", "genre": "Dark Fantasy", "year_of_publish": 2015, "copies_sold": 60, "rating": 1.9}}, {"model": "newApp.book", "pk": 19, "fields": {"title": "The Testaments", "author": "Margaret Atwood", "publisher": "Penguin", "genre": "Science Fiction, Dystopian Fiction", "year_of_publish": 2019, "copies_sold": 0, "rating": null}}, {"model": "newApp.book", "pk": 20, "fields": {"title": "Lavender Blue Murder", "author": "Laura Childs", "publisher": "Penguin", "genre": "Mystery", "year_of_publish": 2020, "copies_sold": 0, "rating": null}}, {"model": "newApp.book", "pk": 21, "fields": {"title": "Say Nothing", "author": "Patrick Radden Keefe", "publisher": "Penguin", "genre": "True crime", "year_of_publish": 2018, "copies_sold": 0, "rating": null}}, {"model": "newApp.book", "pk": 22, "fields": {"title": "The Stone Diaries", "author": "Carol Shields", "publisher": "Penguin", "genre": "Novel, Domestic Fiction", "year_of_publish": 1993, "copies_sold": 0, "rating": null}}, {"model": "newApp.book", "pk": 23, "fields": {"title": "Tokyo Ghoul: 1", "author": "Nisio Isin", "publisher": "Viz Media", "genre": "Dark Fantasy", "year_of_publish": 2008, "copies_sold": 0, "rating": null}}, {"model": "newApp.order", "pk": 19, "fields": {"user_id": "arthur56", "store_id": 7, "status": "Cancelled", "date_of_order": "2020-03-31T11:01:29.913Z", "expected_delivery_date": "2020-04-03", "delivered_date": null, "cancelled_date": "2020-03-31", "cancelled_by": "User", "cancellation_remarks": "ddddddddd", "total_price": 450.0, "address_no": 1}}, {"model": "newApp.order", "pk": 20, "fields": {"user_id": "arthur56", "store_id": 7, "status": "Delivered", "date_of_order": "2020-03-31T11:02:05.070Z", "expected_delivery_date": "2020-03-26", "delivered_date": "2020-04-03", "cancelled_date": null, "cancelled_by": null, "cancellation_remarks": null, "total_price": 5000.0, "address_no": 1}}, {"model": "newApp.order", "pk": 21, "fields": {"user_id": "arthur56", "store_id": 7, "status": "Cancelled", "date_of_order": "2020-03-31T11:02:34.294Z", "expected_delivery_date": null, "delivered_date": null, "cancelled_date": "2020-03-31", "cancelled_by": "User", "cancellation_remarks": "Late", "total_price": 10000.0, "address_no": 1}}, {"model": "newApp.order", "pk": 22, "fields": {"user_id": "arthur56", "store_id": 7, "status": "Cancelled", "date_of_order": "2020-03-31T11:03:11.071Z", "expected_delivery_date": null, "delivered_date": null, "cancelled_date": "2020-03-31", "cancelled_by": "Store", "cancellation_remarks": "Late", "total_price": 54600.0, "address_no": 1}}, {"model": "newApp.order", "pk": 23, "fields": {"user_id": "arthur56", "store_id": 7, "status": "Delivered", "date_of_order": "2020-03-31T11:21:42.396Z", "expected_delivery_date": null, "delivered_date": "2020-03-30", "cancelled_date": null, "cancelled_by": null, "cancellation_remarks": null, "total_price": 30000.0, "address_no": 1}}, {"model": "newApp.order", "pk": 24, "fields": {"user_id": "walker34", "store_id": 6, "status": "Delivered", "date_of_order": "2020-03-31T11:27:45.314Z", "expected_delivery_date": "2020-04-04", "delivered_date": "2020-04-02", "cancelled_date": null, "cancelled_by": null, "cancellation_remarks": null, "total_price": 45000.0, "address_no": 1}}, {"model": "newApp.order", "pk": 25, "fields": {"user_id": "walker34", "store_id": 6, "status": "Delivered", "date_of_order": "2020-03-31T11:28:03.594Z", "expected_delivery_date": "2020-04-03", "delivered_date": "2020-03-31", "cancelled_date": null, "cancelled_by": null, "cancellation_remarks": null, "total_price": 50000.0, "address_no": 1}}, {"model": "newApp.order", "pk": 26, "fields": {"user_id": "walker34", "store_id": 6, "status": "Delivered", "date_of_order": "2020-03-31T11:28:18.948Z", "expected_delivery_date": "2020-04-04", "delivered_date": "2020-03-31", "cancelled_date": null, "cancelled_by": null, "cancellation_remarks": null, "total_price": 14000.0, "address_no": 1}}, {"model": "newApp.order", "pk": 27, "fields": {"user_id": "walker34", "store_id": 6, "status": "Cancelled", "date_of_order": "2020-03-31T11:28:30.579Z", "expected_delivery_date": null, "delivered_date": null, "cancelled_date": "2020-03-31", "cancelled_by": "User", "cancellation_remarks": "Extra", "total_price": 9000.0, "address_no": 1}}, {"model": "newApp.order", "pk": 28, "fields": {"user_id": "arthur56", "store_id": 7, "status": "Cancelled", "date_of_order": "2020-03-31T12:48:25.313Z", "expected_delivery_date": null, "delivered_date": null, "cancelled_date": "2020-03-31", "cancelled_by": "User", "cancellation_remarks": "dddddddddddd", "total_price": 5400.0, "address_no": 2}}, {"model": "newApp.order", "pk": 29, "fields": {"user_id": "arthur56", "store_id": 7, "status": "Cancelled", "date_of_order": "2020-03-31T12:52:10.183Z", "expected_delivery_date": null, "delivered_date": null, "cancelled_date": "2020-03-31", "cancelled_by": "User", "cancellation_remarks": "fd", "total_price": 6000.0, "address_no": 2}}, {"model": "newApp.order", "pk": 30, "fields": {"user_id": "arthur56", "store_id": 7, "status": "Delivered", "date_of_order": "2020-03-31T13:27:01.727Z", "expected_delivery_date": null, "delivered_date": "2020-04-01", "cancelled_date": null, "cancelled_by": null, "cancellation_remarks": null, "total_price": 15300.0, "address_no": 2}}, {"model": "newApp.order", "pk": 31, "fields": {"user_id": "arthur56", "store_id": 7, "status": "Cancelled", "date_of_order": "2020-03-31T13:27:17.250Z", "expected_delivery_date": null, "delivered_date": null, "cancelled_date": "2020-03-31", "cancelled_by": "Store", "cancellation_remarks": "derrr", "total_price": 35100.0, "address_no": 2}}, {"model": "newApp.order", "pk": 32, "fields": {"user_id": "arthur56", "store_id": 7, "status": "Cancelled", "date_of_order": "2020-03-31T13:31:37.604Z", "expected_delivery_date": null, "delivered_date": null, "cancelled_date": "2020-03-31", "cancelled_by": "Store", "cancellation_remarks": "yuyu", "total_price": 30000.0, "address_no": 2}}, {"model": "newApp.complaint_record", "pk": 1, "fields": {"order_id": 22, "description": "Very Late"}}, {"model": "newApp.review", "pk": 7, "fields": {"user_id": "arthur56", "book_id": 18, "description": "Write Review", "rating": 1.9}}, {"model": "newApp.book_ordered", "pk": 16, "fields": {"book_id": 16, "order_id": 19, "no_of_copies": 1}}, {"model": "newApp.book_ordered", "pk": 17, "fields": {"book_id": 2, "order_id": 20, "no_of_copies": 10}}, {"model": "newApp.book_ordered", "pk": 18, "fields": {"book_id": 18, "order_id": 21, "no_of_copies": 20}}, {"model": "newApp.book_ordered", "pk": 19, "fields": {"book_id": 17, "order_id": 22, "no_of_copies": 70}}, {"model": "newApp.book_ordered", "pk": 20, "fields": {"book_id": 18, "order_id": 23, "no_of_copies": 60}}, {"model": "newApp.book_ordered", "pk": 21, "fields": {"book_id": 16, "order_id": 24, "no_of_copies": 100}}, {"model": "newApp.book_ordered", "pk": 22, "fields": {"book_id": 17, "order_id": 25, "no_of_copies": 100}}, {"model": "newApp.book_ordered", "pk": 23, "fields": {"book_id": 18, "order_id": 26, "no_of_copies": 20}}, {"model": "newApp.book_ordered", "pk": 24, "fields": {"book_id": 16, "order_id": 27, "no_of_copies": 20}}, {"model": "newApp.book_ordered", "pk": 25, "fields": {"book_id": 16, "order_id": 28, "no_of_copies": 12}}, {"model": "newApp.book_ordered", "pk": 26, "fields": {"book_id": 18, "order_id": 29, "no_of_copies": 12}}, {"model": "newApp.book_ordered", "pk": 27, "fields": {"book_id": 16, "order_id": 30, "no_of_copies": 34}}, {"model": "newApp.book_ordered", "pk": 28, "fields": {"book_id": 17, "order_id": 31, "no_of_copies": 45}}, {"model": "newApp.book_ordered", "pk": 29, "fields": {"book_id": 18, "order_id": 32, "no_of_copies": 60}}, {"model": "newApp.users_list", "pk": 6, "fields": {"user_id": "arthur56", "store_email": "testcase8@gmail.com"}}, {"model": "newApp.users_list", "pk": 7, "fields": {"user_id": "walker34", "store_email": "testcase6@gmail.com"}}, {"model": "newApp.book_available", "pk": 13, "fields": {"book_id": 5, "store_email": "testcase8@gmail.com", "no_of_copies": 200, "price": 450.0}}, {"model": "newApp.book_available", "pk": 14, "fields": {"book_id": 2, "store_email": "testcase8@gmail.com", "no_of_copies": 140, "price": 500.0}}, {"model": "newApp.book_available", "pk": 15, "fields": {"book_id": 16, "store_email": "testcase8@gmail.com", "no_of_copies": 66, "price": 450.0}}, {"model": "newApp.book_available", "pk": 16, "fields": {"book_id": 18, "store_email": "testcase8@gmail.com", "no_of_copies": 440, "price": 500.0}}, {"model": "newApp.book_available", "pk": 17, "fields": {"book_id": 17, "store_email": "testcase8@gmail.com", "no_of_copies": 80, "price": 780.0}}, {"model": "newApp.book_available", "pk": 18, "fields": {"book_id": 16, "store_email": "testcase6@gmail.com", "no_of_copies": 700, "price": 450.0}}, {"model": "newApp.book_available", "pk": 19, "fields": {"book_id": 17, "store_email": "testcase6@gmail.com", "no_of_copies": 700, "price": 500.0}}, {"model": "newApp.book_available", "pk": 20, "fields": {"book_id": 18, "store_email": "testcase6@gmail.com", "no_of_copies": 880, "price": 700.0}}, {"model": "newApp.book_available", "pk": 21, "fields": {"book_id": 16, "store_email": "testcase9@gmail.com", "no_of_copies": 90, "price": 120.9}}, {"model": "newApp.book_available", "pk": 22, "fields": {"book_id": 22, "store_email": "testcase9@gmail.com", "no_of_copies": 0, "price": 0.0}}, {"model": "newApp.book_available", "pk": 23, "fields": {"book_id": 23, "store_email": "testcase9@gmail.com", "no_of_copies": 0, "price": 0.0}}, {"model": "auth.permission", "pk": 1, "fields": {"name": "Can add log entry", "content_type": 1, "codename": "add_logentry"}}, {"model": "auth.permission", "pk": 2, "fields": {"name": "Can change log entry", "content_type": 1, "codename": "change_logentry"}}, {"model": "auth.permission", "pk": 3, "fields": {"name": "Can delete log entry", "content_type": 1, "codename": "delete_logentry"}}, {"model": "auth.permission", "pk": 4, "fields": {"name": "Can view log entry", "content_type": 1, "codename": "view_logentry"}}, {"model": "auth.permission", "pk": 5, "fields": {"name": "Can add permission", "content_type": 2, "codename": "add_permission"}}, {"model": "auth.permission", "pk": 6, "fields": {"name": "Can change permission", "content_type": 2, "codename": "change_permission"}}, {"model": "auth.permission", "pk": 7, "fields": {"name": "Can delete permission", "content_type": 2, "codename": "delete_permission"}}, {"model": "auth.permission", "pk": 8, "fields": {"name": "Can view permission", "content_type": 2, "codename": "view_permission"}}, {"model": "auth.permission", "pk": 9, "fields": {"name": "Can add group", "content_type": 3, "codename": "add_group"}}, {"model": "auth.permission", "pk": 10, "fields": {"name": "Can change group", "content_type": 3, "codename": "change_group"}}, {"model": "auth.permission", "pk": 11, "fields": {"name": "Can delete group", "content_type": 3, "codename": "delete_group"}}, {"model": "auth.permission", "pk": 12, "fields": {"name": "Can view group", "content_type": 3, "codename": "view_group"}}, {"model": "auth.permission", "pk": 13, "fields": {"name": "Can add user", "content_type": 4, "codename": "add_user"}}, {"model": "auth.permission", "pk": 14, "fields": {"name": "Can change user", "content_type": 4, "codename": "change_user"}}, {"model": "auth.permission", "pk": 15, "fields": {"name": "Can delete user", "content_type": 4, "codename": "delete_user"}}, {"model": "auth.permission", "pk": 16, "fields": {"name": "Can view user", "content_type": 4, "codename": "view_user"}}, {"model": "auth.permission", "pk": 17, "fields": {"name": "Can add content type", "content_type": 5, "codename": "add_contenttype"}}, {"model": "auth.permission", "pk": 18, "fields": {"name": "Can change content type", "content_type": 5, "codename": "change_contenttype"}}, {"model": "auth.permission", "pk": 19, "fields": {"name": "Can delete content type", "content_type": 5, "codename": "delete_contenttype"}}, {"model": "auth.permission", "pk": 20, "fields": {"name": "Can view content type", "content_type": 5, "codename": "view_contenttype"}}, {"model": "auth.permission", "pk": 21, "fields": {"name": "Can add session", "content_type": 6, "codename": "add_session"}}, {"model": "auth.permission", "pk": 22, "fields": {"name": "Can change session", "content_type": 6, "codename": "change_session"}}, {"model": "auth.permission", "pk": 23, "fields": {"name": "Can delete session", "content_type": 6, "codename": "delete_session"}}, {"model": "auth.permission", "pk": 24, "fields": {"name": "Can view session", "content_type": 6, "codename": "view_session"}}, {"model": "auth.permission", "pk": 25, "fields": {"name": "Can add book", "content_type": 7, "codename": "add_book"}}, {"model": "auth.permission", "pk": 26, "fields": {"name": "Can change book", "content_type": 7, "codename": "change_book"}}, {"model": "auth.permission", "pk": 27, "fields": {"name": "Can delete book", "content_type": 7, "codename": "delete_book"}}, {"model": "auth.permission", "pk": 28, "fields": {"name": "Can view book", "content_type": 7, "codename": "view_book"}}, {"model": "auth.permission", "pk": 29, "fields": {"name": "Can add book_store", "content_type": 8, "codename": "add_book_store"}}, {"model": "auth.permission", "pk": 30, "fields": {"name": "Can change book_store", "content_type": 8, "codename": "change_book_store"}}, {"model": "auth.permission", "pk": 31, "fields": {"name": "Can delete book_store", "content_type": 8, "codename": "delete_book_store"}}, {"model": "auth.permission", "pk": 32, "fields": {"name": "Can view book_store", "content_type": 8, "codename": "view_book_store"}}, {"model": "auth.permission", "pk": 33, "fields": {"name": "Can add customer", "content_type": 9, "codename": "add_customer"}}, {"model": "auth.permission", "pk": 34, "fields": {"name": "Can change customer", "content_type": 9, "codename": "change_customer"}}, {"model": "auth.permission", "pk": 35, "fields": {"name": "Can delete customer", "content_type": 9, "codename": "delete_customer"}}, {"model": "auth.permission", "pk": 36, "fields": {"name": "Can view customer", "content_type": 9, "codename": "view_customer"}}, {"model": "auth.permission", "pk": 37, "fields": {"name": "Can add users_list", "content_type": 10, "codename": "add_users_list"}}, {"model": "auth.permission", "pk": 38, "fields": {"name": "Can change users_list", "content_type": 10, "codename": "change_users_list"}}, {"model": "auth.permission", "pk": 39, "fields": {"name": "Can delete users_list", "content_type": 10, "codename": "delete_users_list"}}, {"model": "auth.permission", "pk": 40, "fields": {"name": "Can view users_list", "content_type": 10, "codename": "view_users_list"}}, {"model": "auth.permission", "pk": 41, "fields": {"name": "Can add to_read_list", "content_type": 11, "codename": "add_to_read_list"}}, {"model": "auth.permission", "pk": 42, "fields": {"name": "Can change to_read_list", "content_type": 11, "codename": "change_to_read_list"}}, {"model": "auth.permission", "pk": 43, "fields": {"name": "Can delete to_read_list", "content_type": 11, "codename": "delete_to_read_list"}}, {"model": "auth.permission", "pk": 44, "fields": {"name": "Can view to_read_list", "content_type": 11, "codename": "view_to_read_list"}}, {"model": "auth.permission", "pk": 45, "fields": {"name": "Can add review", "content_type": 12, "codename": "add_review"}}, {"model": "auth.permission", "pk": 46, "fields": {"name": "Can change review", "content_type": 12, "codename": "change_review"}}, {"model": "auth.permission", "pk": 47, "fields": {"name": "Can delete review", "content_type": 12, "codename": "delete_review"}}, {"model": "auth.permission", "pk": 48, "fields": {"name": "Can view review", "content_type": 12, "codename": "view_review"}}, {"model": "auth.permission", "pk": 49, "fields": {"name": "Can add order", "content_type": 13, "codename": "add_order"}}, {"model": "auth.permission", "pk": 50, "fields": {"name": "Can change order", "content_type": 13, "codename": "change_order"}}, {"model": "auth.permission", "pk": 51, "fields": {"name": "Can delete order", "content_type": 13, "codename": "delete_order"}}, {"model": "auth.permission", "pk": 52, "fields": {"name": "Can view order", "content_type": 13, "codename": "view_order"}}, {"model": "auth.permission", "pk": 53, "fields": {"name": "Can add customer_address", "content_type": 14, "codename": "add_customer_address"}}, {"model": "auth.permission", "pk": 54, "fields": {"name": "Can change customer_address", "content_type": 14, "codename": "change_customer_address"}}, {"model": "auth.permission", "pk": 55, "fields": {"name": "Can delete customer_address", "content_type": 14, "codename": "delete_customer_address"}}, {"model": "auth.permission", "pk": 56, "fields": {"name": "Can view customer_address", "content_type": 14, "codename": "view_customer_address"}}, {"model": "auth.permission", "pk": 57, "fields": {"name": "Can add complaint_record", "content_type": 15, "codename": "add_complaint_record"}}, {"model": "auth.permission", "pk": 58, "fields": {"name": "Can change complaint_record", "content_type": 15, "codename": "change_complaint_record"}}, {"model": "auth.permission", "pk": 59, "fields": {"name": "Can delete complaint_record", "content_type": 15, "codename": "delete_complaint_record"}}, {"model": "auth.permission", "pk": 60, "fields": {"name": "Can view complaint_record", "content_type": 15, "codename": "view_complaint_record"}}, {"model": "auth.permission", "pk": 61, "fields": {"name": "Can add cart", "content_type": 16, "codename": "add_cart"}}, {"model": "auth.permission", "pk": 62, "fields": {"name": "Can change cart", "content_type": 16, "codename": "change_cart"}}, {"model": "auth.permission", "pk": 63, "fields": {"name": "Can delete cart", "content_type": 16, "codename": "delete_cart"}}, {"model": "auth.permission", "pk": 64, "fields": {"name": "Can view cart", "content_type": 16, "codename": "view_cart"}}, {"model": "auth.permission", "pk": 65, "fields": {"name": "Can add book_ordered", "content_type": 17, "codename": "add_book_ordered"}}, {"model": "auth.permission", "pk": 66, "fields": {"name": "Can change book_ordered", "content_type": 17, "codename": "change_book_ordered"}}, {"model": "auth.permission", "pk": 67, "fields": {"name": "Can delete book_ordered", "content_type": 17, "codename": "delete_book_ordered"}}, {"model": "auth.permission", "pk": 68, "fields": {"name": "Can view book_ordered", "content_type": 17, "codename": "view_book_ordered"}}, {"model": "auth.permission", "pk": 69, "fields": {"name": "Can add book_available", "content_type": 18, "codename": "add_book_available"}}, {"model": "auth.permission", "pk": 70, "fields": {"name": "Can change book_available", "content_type": 18, "codename": "change_book_available"}}, {"model": "auth.permission", "pk": 71, "fields": {"name": "Can delete book_available", "content_type": 18, "codename": "delete_book_available"}}, {"model": "auth.permission", "pk": 72, "fields": {"name": "Can view book_available", "content_type": 18, "codename": "view_book_available"}}, {"model": "auth.user", "pk": 1, "fields": {"password": "pbkdf2_sha256$180000$SXemFWGCvrfF$i1OwOjPy7eUBz4tjU7+MkkN3CAPgGzqvIwPP0Cifk30=", "last_login": "2020-03-29T07:11:04.012Z", "is_superuser": true, "username": "rohan", "first_name": "", "last_name": "", "email": "rohan@gmail.com", "is_staff": true, "is_active": true, "date_joined": "2020-03-29T07:10:44.206Z", "groups": [], "user_permissions": []}}, {"model": "auth.user", "pk": 2, "fields": {"password": "pbkdf2_sha256$150000$J9KjfuVYfpVM$alV5gBpyn3FH73p9DvsQI+zgwVtP4yxRfKLut3wkwhE=", "last_login": "2021-03-19T00:39:58.389Z", "is_superuser": true, "username": "admin", "first_name": "", "last_name": "", "email": "admin@gmail.com", "is_staff": true, "is_active": true, "date_joined": "2021-03-19T00:33:40.302Z", "groups": [], "user_permissions": []}}, {"model": "admin.logentry", "pk": 1, "fields": {"action_time": "2020-03-29T07:12:15.320Z", "user": 1, "content_type": 9, "object_id": "saharsh45", "object_repr": "Customer object (saharsh45)", "action_flag": 1, "change_message": "[{\"added\": {}}]"}}, {"model": "admin.logentry", "pk": 2, "fields": {"action_time": "2020-03-29T07:12:52.386Z", "user": 1, "content_type": 9, "object_id": "dhriti90", "object_repr": "Customer object (dhriti90)", "action_flag": 1, "change_message": "[{\"added\": {}}]"}}, {"model": "admin.logentry", "pk": 3, "fields": {"action_time": "2020-03-29T07:14:05.633Z", "user": 1, "content_type": 8, "object_id": "1", "object_repr": "Book_store object (1)", "action_flag": 1, "change_message": "[{\"added\": {}}]"}}, {"model": "admin.logentry", "pk": 4, "fields": {"action_time": "2020-03-29T07:14:38.112Z", "user": 1, "content_type": 8, "object_id": "2", "object_repr": "Book_store object (2)", "action_flag": 1, "change_message": "[{\"added\": {}}]"}}, {"model": "admin.logentry", "pk": 5, "fields": {"action_time": "2020-03-29T07:15:01.666Z", "user": 1, "content_type": 8, "object_id": "3", "object_repr": "Book_store object (3)", "action_flag": 1, "change_message": "[{\"added\": {}}]"}}, {"model": "admin.logentry", "pk": 6, "fields": {"action_time": "2020-03-29T07:15:24.140Z", "user": 1, "content_type": 8, "object_id": "4", "object_repr": "Book_store object (4)", "action_flag": 1, "change_message": "[{\"added\": {}}]"}}, {"model": "admin.logentry", "pk": 7, "fields": {"action_time": "2020-03-29T07:17:39.326Z", "user": 1, "content_type": 13, "object_id": "1", "object_repr": "Order object (1)", "action_flag": 1, "change_message": "[{\"added\": {}}]"}}, {"model": "admin.logentry", "pk": 8, "fields": {"action_time": "2020-03-29T07:19:52.081Z", "user": 1, "content_type": 9, "object_id": "sohan67", "object_repr": "Customer object (sohan67)", "action_flag": 1, "change_message": "[{\"added\": {}}]"}}, {"model": "admin.logentry", "pk": 9, "fields": {"action_time": "2020-03-29T07:20:22.496Z", "user": 1, "content_type": 9, "object_id": "michael89", "object_repr": "Customer object (michael89)", "action_flag": 1, "change_message": "[{\"added\": {}}]"}}, {"model": "admin.logentry", "pk": 10, "fields": {"action_time": "2020-03-29T07:22:21.786Z", "user": 1, "content_type": 7, "object_id": "1", "object_repr": "Book object (1)", "action_flag": 1, "change_message": "[{\"added\": {}}]"}}, {"model": "admin.logentry", "pk": 11, "fields": {"action_time": "2020-03-29T07:23:32.589Z", "user": 1, "content_type": 7, "object_id": "2", "object_repr": "Book object (2)", "action_flag": 1, "change_message": "[{\"added\": {}}]"}}, {"model": "admin.logentry", "pk": 12, "fields": {"action_time": "2020-03-29T07:24:20.578Z", "user": 1, "content_type": 7, "object_id": "3", "object_repr": "Book object (3)", "action_flag": 1, "change_message": "[{\"added\": {}}]"}}, {"model": "admin.logentry", "pk": 13, "fields": {"action_time": "2020-03-29T07:25:33.666Z", "user": 1, "content_type": 7, "object_id": "4", "object_repr": "Book object (4)", "action_flag": 1, "change_message": "[{\"added\": {}}]"}}, {"model": "admin.logentry", "pk": 14, "fields": {"action_time": "2020-03-29T07:26:44.117Z", "user": 1, "content_type": 7, "object_id": "5", "object_repr": "Book object (5)", "action_flag": 1, "change_message": "[{\"added\": {}}]"}}, {"model": "admin.logentry", "pk": 15, "fields": {"action_time": "2020-03-29T07:27:36.056Z", "user": 1, "content_type": 7, "object_id": "6", "object_repr": "Book object (6)", "action_flag": 1, "change_message": "[{\"added\": {}}]"}}, {"model": "admin.logentry", "pk": 16, "fields": {"action_time": "2020-03-29T07:29:17.733Z", "user": 1, "content_type": 7, "object_id": "7", "object_repr": "Book object (7)", "action_flag": 1, "change_message": "[{\"added\": {}}]"}}, {"model": "admin.logentry", "pk": 17, "fields": {"action_time": "2020-03-29T07:30:09.203Z", "user": 1, "content_type": 7, "object_id": "8", "object_repr": "Book object (8)", "action_flag": 1, "change_message": "[{\"added\": {}}]"}}, {"model": "admin.logentry", "pk": 18, "fields": {"action_time": "2020-03-29T07:32:35.599Z", "user": 1, "content_type": 7, "object_id": "9", "object_repr": "Book object (9)", "action_flag": 1, "change_message": "[{\"added\": {}}]"}}, {"model": "admin.logentry", "pk": 19, "fields": {"action_time": "2020-03-29T07:36:14.013Z", "user": 1, "content_type": 7, "object_id": "10", "object_repr": "Book object (10)", "action_flag": 1, "change_message": "[{\"added\": {}}]"}}, {"model": "admin.logentry", "pk": 20, "fields": {"action_time": "2020-03-29T07:39:36.595Z", "user": 1, "content_type": 7, "object_id": "11", "object_repr": "Book object (11)", "action_flag": 1, "change_message": "[{\"added\": {}}]"}}, {"model": "admin.logentry", "pk": 21, "fields": {"action_time": "2020-03-29T07:40:31.535Z", "user": 1, "content_type": 7, "object_id": "12", "object_repr": "Book object (12)", "action_flag": 1, "change_message": "[{\"added\": {}}]"}}, {"model": "admin.logentry", "pk": 22, "fields": {"action_time": "2020-03-29T07:41:41.653Z", "user": 1, "content_type": 7, "object_id": "13", "object_repr": "Book object (13)", "action_flag": 1, "change_message": "[{\"added\": {}}]"}}, {"model": "admin.logentry", "pk": 23, "fields": {"action_time": "2020-03-29T07:42:28.567Z", "user": 1, "content_type": 7, "object_id": "14", "object_repr": "Book object (14)", "action_flag": 1, "change_message": "[{\"added\": {}}]"}}, {"model": "admin.logentry", "pk": 24, "fields": {"action_time": "2020-03-29T10:43:16.751Z", "user": 1, "content_type": 8, "object_id": "1", "object_repr": "Book_store object (1)", "action_flag": 2, "change_message": "[]"}}, {"model": "admin.logentry", "pk": 25, "fields": {"action_time": "2020-03-29T10:44:02.747Z", "user": 1, "content_type": 13, "object_id": "1", "object_repr": "Order object (1)", "action_flag": 3, "change_message": ""}}, {"model": "admin.logentry", "pk": 26, "fields": {"action_time": "2020-03-29T10:44:28.454Z", "user": 1, "content_type": 13, "object_id": "2", "object_repr": "Order object (2)", "action_flag": 1, "change_message": "[{\"added\": {}}]"}}, {"model": "admin.logentry", "pk": 27, "fields": {"action_time": "2020-03-29T10:44:45.437Z", "user": 1, "content_type": 13, "object_id": "3", "object_repr": "Order object (3)", "action_flag": 1, "change_message": "[{\"added\": {}}]"}}, {"model": "admin.logentry", "pk": 28, "fields": {"action_time": "2020-03-29T10:45:06.951Z", "user": 1, "content_type": 13, "object_id": "4", "object_repr": "Order object (4)", "action_flag": 1, "change_message": "[{\"added\": {}}]"}}, {"model": "admin.logentry", "pk": 29, "fields": {"action_time": "2020-03-29T10:45:23.530Z", "user": 1, "content_type": 13, "object_id": "5", "object_repr": "Order object (5)", "action_flag": 1, "change_message": "[{\"added\": {}}]"}}, {"model": "admin.logentry", "pk": 30, "fields": {"action_time": "2020-03-30T04:48:10.590Z", "user": 1, "content_type": 14, "object_id": "3", "object_repr": "Customer_address object (3)", "action_flag": 3, "change_message": ""}}, {"model": "admin.logentry", "pk": 31, "fields": {"action_time": "2020-03-30T04:48:10.641Z", "user": 1, "content_type": 14, "object_id": "2", "object_repr": "Customer_address object (2)", "action_flag": 3, "change_message": ""}}, {"model": "admin.logentry", "pk": 32, "fields": {"action_time": "2020-03-30T16:40:18.086Z", "user": 1, "content_type": 11, "object_id": "1", "object_repr": "To_read_list object (1)", "action_flag": 1, "change_message": "[{\"added\": {}}]"}}, {"model": "admin.logentry", "pk": 33, "fields": {"action_time": "2020-03-30T16:40:23.769Z", "user": 1, "content_type": 11, "object_id": "2", "object_repr": "To_read_list object (2)", "action_flag": 1, "change_message": "[{\"added\": {}}]"}}, {"model": "admin.logentry", "pk": 34, "fields": {"action_time": "2020-03-30T16:40:50.873Z", "user": 1, "content_type": 18, "object_id": "4", "object_repr": "Book_available object (4)", "action_flag": 1, "change_message": "[{\"added\": {}}]"}}, {"model": "admin.logentry", "pk": 35, "fields": {"action_time": "2020-03-30T16:41:03.954Z", "user": 1, "content_type": 18, "object_id": "5", "object_repr": "Book_available object (5)", "action_flag": 1, "change_message": "[{\"added\": {}}]"}}, {"model": "admin.logentry", "pk": 36, "fields": {"action_time": "2020-03-30T16:41:22.184Z", "user": 1, "content_type": 18, "object_id": "6", "object_repr": "Book_available object (6)", "action_flag": 1, "change_message": "[{\"added\": {}}]"}}, {"model": "admin.logentry", "pk": 37, "fields": {"action_time": "2020-03-30T16:41:33.173Z", "user": 1, "content_type": 18, "object_id": "7", "object_repr": "Book_available object (7)", "action_flag": 1, "change_message": "[{\"added\": {}}]"}}, {"model": "admin.logentry", "pk": 38, "fields": {"action_time": "2020-03-31T07:43:55.569Z", "user": 1, "content_type": 18, "object_id": "11", "object_repr": "Book_available object (11)", "action_flag": 2, "change_message": "[{\"changed\": {\"fields\": [\"No of copies\"]}}]"}}, {"model": "admin.logentry", "pk": 39, "fields": {"action_time": "2020-03-31T08:22:13.167Z", "user": 1, "content_type": 12, "object_id": "5", "object_repr": "Review object (5)", "action_flag": 3, "change_message": ""}}, {"model": "admin.logentry", "pk": 40, "fields": {"action_time": "2020-03-31T08:22:13.199Z", "user": 1, "content_type": 12, "object_id": "4", "object_repr": "Review object (4)", "action_flag": 3, "change_message": ""}}, {"model": "admin.logentry", "pk": 41, "fields": {"action_time": "2020-03-31T08:22:13.221Z", "user": 1, "content_type": 12, "object_id": "3", "object_repr": "Review object (3)", "action_flag": 3, "change_message": ""}}, {"model": "admin.logentry", "pk": 42, "fields": {"action_time": "2020-03-31T08:22:13.248Z", "user": 1, "content_type": 12, "object_id": "2", "object_repr": "Review object (2)", "action_flag": 3, "change_message": ""}}, {"model": "admin.logentry", "pk": 43, "fields": {"action_time": "2020-03-31T08:22:13.301Z", "user": 1, "content_type": 12, "object_id": "1", "object_repr": "Review object (1)", "action_flag": 3, "change_message": ""}}, {"model": "admin.logentry", "pk": 44, "fields": {"action_time": "2020-03-31T08:32:18.200Z", "user": 1, "content_type": 7, "object_id": "2", "object_repr": "Book object (2)", "action_flag": 2, "change_message": "[{\"changed\": {\"fields\": [\"Rating\"]}}]"}}, {"model": "admin.logentry", "pk": 45, "fields": {"action_time": "2020-03-31T08:32:26.882Z", "user": 1, "content_type": 7, "object_id": "2", "object_repr": "Book object (2)", "action_flag": 2, "change_message": "[{\"changed\": {\"fields\": [\"Rating\"]}}]"}}, {"model": "admin.logentry", "pk": 46, "fields": {"action_time": "2020-03-31T10:51:02.820Z", "user": 1, "content_type": 18, "object_id": "12", "object_repr": "Book_available object (12)", "action_flag": 3, "change_message": ""}}, {"model": "admin.logentry", "pk": 47, "fields": {"action_time": "2020-03-31T10:51:02.872Z", "user": 1, "content_type": 18, "object_id": "11", "object_repr": "Book_available object (11)", "action_flag": 3, "change_message": ""}}, {"model": "admin.logentry", "pk": 48, "fields": {"action_time": "2020-03-31T10:51:02.895Z", "user": 1, "content_type": 18, "object_id": "10", "object_repr": "Book_available object (10)", "action_flag": 3, "change_message": ""}}, {"model": "admin.logentry", "pk": 49, "fields": {"action_time": "2020-03-31T10:51:02.918Z", "user": 1, "content_type": 18, "object_id": "7", "object_repr": "Book_available object (7)", "action_flag": 3, "change_message": ""}}, {"model": "admin.logentry", "pk": 50, "fields": {"action_time": "2020-03-31T10:51:02.963Z", "user": 1, "content_type": 18, "object_id": "5", "object_repr": "Book_available object (5)", "action_flag": 3, "change_message": ""}}, {"model": "admin.logentry", "pk": 51, "fields": {"action_time": "2020-03-31T10:51:02.986Z", "user": 1, "content_type": 18, "object_id": "4", "object_repr": "Book_available object (4)", "action_flag": 3, "change_message": ""}}, {"model": "admin.logentry", "pk": 52, "fields": {"action_time": "2020-03-31T10:51:03.024Z", "user": 1, "content_type": 18, "object_id": "3", "object_repr": "Book_available object (3)", "action_flag": 3, "change_message": ""}}, {"model": "admin.logentry", "pk": 53, "fields": {"action_time": "2020-03-31T10:51:03.054Z", "user": 1, "content_type": 18, "object_id": "2", "object_repr": "Book_available object (2)", "action_flag": 3, "change_message": ""}}, {"model": "admin.logentry", "pk": 54, "fields": {"action_time": "2020-03-31T10:51:14.716Z", "user": 1, "content_type": 17, "object_id": "15", "object_repr": "Book_ordered object (15)", "action_flag": 3, "change_message": ""}}, {"model": "admin.logentry", "pk": 55, "fields": {"action_time": "2020-03-31T10:51:14.754Z", "user": 1, "content_type": 17, "object_id": "14", "object_repr": "Book_ordered object (14)", "action_flag": 3, "change_message": ""}}, {"model": "admin.logentry", "pk": 56, "fields": {"action_time": "2020-03-31T10:51:14.777Z", "user": 1, "content_type": 17, "object_id": "13", "object_repr": "Book_ordered object (13)", "action_flag": 3, "change_message": ""}}, {"model": "admin.logentry", "pk": 57, "fields": {"action_time": "2020-03-31T10:51:14.800Z", "user": 1, "content_type": 17, "object_id": "12", "object_repr": "Book_ordered object (12)", "action_flag": 3, "change_message": ""}}, {"model": "admin.logentry", "pk": 58, "fields": {"action_time": "2020-03-31T10:51:14.846Z", "user": 1, "content_type": 17, "object_id": "11", "object_repr": "Book_ordered object (11)", "action_flag": 3, "change_message": ""}}, {"model": "admin.logentry", "pk": 59, "fields": {"action_time": "2020-03-31T10:51:14.870Z", "user": 1, "content_type": 17, "object_id": "10", "object_repr": "Book_ordered object (10)", "action_flag": 3, "change_message": ""}}, {"model": "admin.logentry", "pk": 60, "fields": {"action_time": "2020-03-31T10:51:14.893Z", "user": 1, "content_type": 17, "object_id": "9", "object_repr": "Book_ordered object (9)", "action_flag": 3, "change_message": ""}}, {"model": "admin.logentry", "pk": 61, "fields": {"action_time": "2020-03-31T10:51:14.949Z", "user": 1, "content_type": 17, "object_id": "8", "object_repr": "Book_ordered object (8)", "action_flag": 3, "change_message": ""}}, {"model": "admin.logentry", "pk": 62, "fields": {"action_time": "2020-03-31T10:51:15.008Z", "user": 1, "content_type": 17, "object_id": "7", "object_repr": "Book_ordered object (7)", "action_flag": 3, "change_message": ""}}, {"model": "admin.logentry", "pk": 63, "fields": {"action_time": "2020-03-31T10:51:15.054Z", "user": 1, "content_type": 17, "object_id": "6", "object_repr": "Book_ordered object (6)", "action_flag": 3, "change_message": ""}}, {"model": "admin.logentry", "pk": 64, "fields": {"action_time": "2020-03-31T10:51:15.076Z", "user": 1, "content_type": 17, "object_id": "5", "object_repr": "Book_ordered object (5)", "action_flag": 3, "change_message": ""}}, {"model": "admin.logentry", "pk": 65, "fields": {"action_time": "2020-03-31T10:51:15.099Z", "user": 1, "content_type": 17, "object_id": "4", "object_repr": "Book_ordered object (4)", "action_flag": 3, "change_message": ""}}, {"model": "admin.logentry", "pk": 66, "fields": {"action_time": "2020-03-31T10:51:15.127Z", "user": 1, "content_type": 17, "object_id": "3", "object_repr": "Book_ordered object (3)", "action_flag": 3, "change_message": ""}}, {"model": "admin.logentry", "pk": 67, "fields": {"action_time": "2020-03-31T10:51:15.179Z", "user": 1, "content_type": 17, "object_id": "2", "object_repr": "Book_ordered object (2)", "action_flag": 3, "change_message": ""}}, {"model": "admin.logentry", "pk": 68, "fields": {"action_time": "2020-03-31T10:51:15.202Z", "user": 1, "content_type": 17, "object_id": "1", "object_repr": "Book_ordered object (1)", "action_flag": 3, "change_message": ""}}, {"model": "admin.logentry", "pk": 69, "fields": {"action_time": "2020-03-31T10:51:49.673Z", "user": 1, "content_type": 15, "object_id": "1", "object_repr": "Complaint_record object (1)", "action_flag": 3, "change_message": ""}}, {"model": "admin.logentry", "pk": 70, "fields": {"action_time": "2020-03-31T10:51:59.270Z", "user": 1, "content_type": 14, "object_id": "13", "object_repr": "Customer_address object (13)", "action_flag": 3, "change_message": ""}}, {"model": "admin.logentry", "pk": 71, "fields": {"action_time": "2020-03-31T10:51:59.322Z", "user": 1, "content_type": 14, "object_id": "12", "object_repr": "Customer_address object (12)", "action_flag": 3, "change_message": ""}}, {"model": "admin.logentry", "pk": 72, "fields": {"action_time": "2020-03-31T10:51:59.345Z", "user": 1, "content_type": 14, "object_id": "11", "object_repr": "Customer_address object (11)", "action_flag": 3, "change_message": ""}}, {"model": "admin.logentry", "pk": 73, "fields": {"action_time": "2020-03-31T10:51:59.371Z", "user": 1, "content_type": 14, "object_id": "10", "object_repr": "Customer_address object (10)", "action_flag": 3, "change_message": ""}}, {"model": "admin.logentry", "pk": 74, "fields": {"action_time": "2020-03-31T10:51:59.402Z", "user": 1, "content_type": 14, "object_id": "9", "object_repr": "Customer_address object (9)", "action_flag": 3, "change_message": ""}}, {"model": "admin.logentry", "pk": 75, "fields": {"action_time": "2020-03-31T10:51:59.424Z", "user": 1, "content_type": 14, "object_id": "8", "object_repr": "Customer_address object (8)", "action_flag": 3, "change_message": ""}}, {"model": "admin.logentry", "pk": 76, "fields": {"action_time": "2020-03-31T10:51:59.447Z", "user": 1, "content_type": 14, "object_id": "7", "object_repr": "Customer_address object (7)", "action_flag": 3, "change_message": ""}}, {"model": "admin.logentry", "pk": 77, "fields": {"action_time": "2020-03-31T10:51:59.506Z", "user": 1, "content_type": 14, "object_id": "6", "object_repr": "Customer_address object (6)", "action_flag": 3, "change_message": ""}}, {"model": "admin.logentry", "pk": 78, "fields": {"action_time": "2020-03-31T10:51:59.528Z", "user": 1, "content_type": 14, "object_id": "5", "object_repr": "Customer_address object (5)", "action_flag": 3, "change_message": ""}}, {"model": "admin.logentry", "pk": 79, "fields": {"action_time": "2020-03-31T10:51:59.588Z", "user": 1, "content_type": 14, "object_id": "4", "object_repr": "Customer_address object (4)", "action_flag": 3, "change_message": ""}}, {"model": "admin.logentry", "pk": 80, "fields": {"action_time": "2020-03-31T10:51:59.641Z", "user": 1, "content_type": 14, "object_id": "1", "object_repr": "Customer_address object (1)", "action_flag": 3, "change_message": ""}}, {"model": "admin.logentry", "pk": 81, "fields": {"action_time": "2020-03-31T10:52:12.688Z", "user": 1, "content_type": 9, "object_id": "sohan67", "object_repr": "Customer object (sohan67)", "action_flag": 3, "change_message": ""}}, {"model": "admin.logentry", "pk": 82, "fields": {"action_time": "2020-03-31T10:52:12.734Z", "user": 1, "content_type": 9, "object_id": "saharsh45", "object_repr": "Customer object (saharsh45)", "action_flag": 3, "change_message": ""}}, {"model": "admin.logentry", "pk": 83, "fields": {"action_time": "2020-03-31T10:52:12.768Z", "user": 1, "content_type": 9, "object_id": "rider67", "object_repr": "Customer object (rider67)", "action_flag": 3, "change_message": ""}}, {"model": "admin.logentry", "pk": 84, "fields": {"action_time": "2020-03-31T10:52:12.824Z", "user": 1, "content_type": 9, "object_id": "michael89", "object_repr": "Customer object (michael89)", "action_flag": 3, "change_message": ""}}, {"model": "admin.logentry", "pk": 85, "fields": {"action_time": "2020-03-31T10:52:12.859Z", "user": 1, "content_type": 9, "object_id": "dhriti90", "object_repr": "Customer object (dhriti90)", "action_flag": 3, "change_message": ""}}, {"model": "admin.logentry", "pk": 86, "fields": {"action_time": "2020-03-31T10:52:12.892Z", "user": 1, "content_type": 9, "object_id": "danny78", "object_repr": "Customer object (danny78)", "action_flag": 3, "change_message": ""}}, {"model": "admin.logentry", "pk": 87, "fields": {"action_time": "2020-03-31T10:52:12.915Z", "user": 1, "content_type": 9, "object_id": "arthur56", "object_repr": "Customer object (arthur56)", "action_flag": 3, "change_message": ""}}, {"model": "admin.logentry", "pk": 88, "fields": {"action_time": "2020-03-31T11:15:02.589Z", "user": 1, "content_type": 9, "object_id": "danny78", "object_repr": "Customer object (danny78)", "action_flag": 3, "change_message": ""}}, {"model": "admin.logentry", "pk": 89, "fields": {"action_time": "2020-03-31T12:13:41.384Z", "user": 1, "content_type": 7, "object_id": "16", "object_repr": "Book object (16)", "action_flag": 2, "change_message": "[{\"changed\": {\"fields\": [\"Copies sold\", \"Rating\"]}}]"}}]